Item Name,Qty,Price   (total)  (USD),,Item link
Motor,1,$8,,https://amzn.in/d/007szfxB
servos,3,$8,,https://amzn.in/d/024SacwA
30A ESC,1,$16,,https://amzn.in/d/02hdCXjS
Battery(3S LiPo),1,$15,,https://stemvolt.in/product/high-fly-2200mah-3s-11-1v-35c-lipo-battery/
Battery charger,1,$19,,https://anilestore.com/product/imax-b6-80w-6a-balance-charger-1-6-cells
reciver,1,$16,,https://hitechxyz.in/products/flysky-fs-ia6b-2-4ghz-6ch-receiver?variant=44266584899805
Remote,1,$67,,https://robu.in/product/flysky-fs-i6-2-4g-6ch-ppm-rc-transmitter-with-fs-ia6b-receiver/?gad_source=1&gad_campaignid=17419548928&gbraid=0AAAAADvLFWeYy7a_TRZOn-AtXtlSTlNhR&gclid=Cj0KCQjwh4TVBhCWARIsAG0czmqvYZAegKV4tl-F8nBxX9ptdFh8NuhUme3qrmoa5-ahiNXZfI5wUHwaAgnLEALw_wcB
Props,2,$7,,
control rods ,7,$10,,
landing gears ,3,$10,,